222178,Abilene Christian University,abilene-christian-university
108232,Academy of Art University,academy-of-art-university
126182,Adams State University,adams-state-university
188429,Adelphi University,adelphi-university
200697,Air Force Institute of Technology-Graduate School of Engineering & Management,air-force-institute-of-technology-graduate-school-of-engineering-and-management
100654,Alabama A & M University,alabama-a-and-m-university
100724,Alabama State University,alabama-state-university
102669,Alaska Pacific University,alaska-pacific-university
138716,Albany State University,albany-state-university
128498,Albertus Magnus College,albertus-magnus-college
175342,Alcorn State University,alcorn-state-university
188641,Alfred University,alfred-university
194161,Alliance University,alliance-university
168607,Alpena Community College,alpena-community-college
210775,Alvernia University,alvernia-university
238193,Alverno College,alverno-college
222628,Amberton University,amberton-university
438586,American InterContinental University-Atlanta,american-intercontinental-university-atlanta
445027,American InterContinental University System,american-intercontinental-university-system
164447,American International College,american-international-college
475714,American Medical Academy,american-medical-academy
157021,American National University-Pikeville,american-national-university-pikeville
449339,American Public University System,american-public-university-system
240736,American Samoa Community College,american-samoa-community-college
131159,American University,american-university
100690,Amridge University,amridge-university
150066,Anderson University,anderson-university
217633,Anderson University,anderson-university
138761,Andrew College,andrew-college
168740,Andrews University,andrews-university
222831,Angelo State University,angelo-state-university
164492,Anna Maria College,anna-maria-college
109350,Antelope Valley Community College District,antelope-valley-community-college-district
245892,Antioch University,antioch-university
245838,Antioch University-Los Angeles,antioch-university-los-angeles
245865,Antioch University-New England,antioch-university-new-england
245847,Antioch University-Santa Barbara,antioch-university-santa-barbara
245883,Antioch University-Seattle,antioch-university-seattle
197869,Appalachian State University,appalachian-state-university
126289,Arapahoe Community College,arapahoe-community-college
211088,Arcadia University,arcadia-university
421708,Arizona College of Nursing-Tempe,arizona-college-of-nursing-tempe
104151,Arizona State University Campus Immersion,arizona-state-university-campus-immersion
483124,Arizona State University Digital Immersion,arizona-state-university-digital-immersion
106458,Arkansas State University,arkansas-state-university
106467,Arkansas Tech University,arkansas-tech-university
156213,Asbury University,asbury-university
154022,Ashford University,ashford-university
201104,Ashland University,ashland-university
454829,Aspen University,aspen-university
164562,Assumption University,assumption-university
446127,ATA Career Education,ata-career-education
452373,ATA College-Cincinnati,ata-college-cincinnati
100858,Auburn University,auburn-university
100830,Auburn University at Montgomery,auburn-university-at-montgomery
173045,Augsburg University,augsburg-university
482149,Augusta University,augusta-university
219000,Augustana University,augustana-university
143118,Aurora University,aurora-university
222992,Austin Community College District,austin-community-college-district
219602,Austin Peay State University,austin-peay-state-university
447847,Aviator College of Aeronautical Science and Technology,aviator-college-of-aeronautical-science-and-technology
176628,Avila University,avila-university
109785,Azusa Pacific University,azusa-pacific-university
168847,Baker College,baker-college
154688,Baker University,baker-university
109819,Bakersfield College,bakersfield-college
201195,Baldwin Wallace University,baldwin-wallace-university
150136,Ball State University,ball-state-university
132471,Barry University,barry-university
164632,Bay Path University,bay-path-university
223232,Baylor University,baylor-university
160995,Beal University,beal-university
175421,Belhaven University,belhaven-university
156286,Bellarmine University,bellarmine-university
234669,Bellevue College,bellevue-college
180814,Bellevue University,bellevue-university
234696,Bellingham Technical College,bellingham-technical-college
219709,Belmont University,belmont-university
173124,Bemidji State University,bemidji-state-university
145619,Benedictine University,benedictine-university
164739,Bentley University,bentley-university
139144,Berry College,berry-college
150145,Bethel University,bethel-university
173160,Bethel University,bethel-university
219718,Bethel University,bethel-university
196079,Binghamton University,binghamton-university
110097,Biola University,biola-university
200022,Bismarck State College,bismarck-state-college
219046,Black Hills State University,black-hills-state-university
217749,Bob Jones University,bob-jones-university
142115,Boise State University,boise-state-university
490203,Bolivar Technical College,bolivar-technical-college
164924,Boston College,boston-college
164988,Boston University,boston-university
162007,Bowie State University,bowie-state-university
201441,Bowling Green State University-Main Campus,bowling-green-state-university-main-campus
143358,Bradley University,bradley-university
165015,Brandeis University,brandeis-university
139199,Brenau University,brenau-university
165024,Bridgewater State University,bridgewater-state-university
230038,Brigham Young University,brigham-young-university
404055,Brookline College-Tempe,brookline-college-tempe
132709,Broward College,broward-college
217156,Brown University,brown-university
219790,Bryan College-Dayton,bryan-college-dayton
188517,Bryant & Stratton College-Albany,bryant-and-stratton-college-albany
217165,Bryant University,bryant-university
153001,Buena Vista University,buena-vista-university
209409,Bushnell University,bushnell-university
150163,Butler University,butler-university
211352,Cabrini University,cabrini-university
215114,Cairn University-Langhorne,cairn-university-langhorne
183910,Caldwell University,caldwell-university
110361,California Baptist University,california-baptist-university
447713,California Career College,california-career-college
110316,California Institute of Integral Studies,california-institute-of-integral-studies
110404,California Institute of Technology,california-institute-of-technology
110413,California Lutheran University,california-lutheran-university
110422,California Polytechnic State University-San Luis Obispo,california-polytechnic-state-university-san-luis-obispo
115755,California State Polytechnic University-Humboldt,california-state-polytechnic-university-humboldt
110529,California State Polytechnic University-Pomona,california-state-polytechnic-university-pomona
110486,California State University-Bakersfield,california-state-university-bakersfield
441937,California State University-Channel Islands,california-state-university-channel-islands
110538,California State University-Chico,california-state-university-chico
110547,California State University-Dominguez Hills,california-state-university-dominguez-hills
110574,California State University-East Bay,california-state-university-east-bay
110556,California State University-Fresno,california-state-university-fresno
110565,California State University-Fullerton,california-state-university-fullerton
110583,California State University-Long Beach,california-state-university-long-beach
110592,California State University-Los Angeles,california-state-university-los-angeles
409698,California State University-Monterey Bay,california-state-university-monterey-bay
110608,California State University-Northridge,california-state-university-northridge
110617,California State University-Sacramento,california-state-university-sacramento
110510,California State University-San Bernardino,california-state-university-san-bernardino
366711,California State University-San Marcos,california-state-university-san-marcos
110495,California State University-Stanislaus,california-state-university-stanislaus
150172,Calumet College of Saint Joseph,calumet-college-of-saint-joseph
169080,Calvin University,calvin-university
454865,Cambridge College of Healthcare & Technology,cambridge-college-of-healthcare-and-technology
206914,Cameron University,cameron-university
198136,Campbell University,campbell-university
156365,Campbellsville University,campbellsville-university
189705,Canisius University,canisius-university
413413,Capella University,capella-university
201548,Capital University,capital-university
238430,Cardinal Stritch University,cardinal-stritch-university
241377,Caribbean University-Bayamon,caribbean-university-bayamon
211431,Carlow University,carlow-university
211440,Carnegie Mellon University,carnegie-mellon-university
433174,Carolinas College of Health Sciences,carolinas-college-of-health-sciences
125532,Carrington College-Sacramento,carrington-college-sacramento
238458,Carroll University,carroll-university
219806,Carson-Newman University,carson-newman-university
111638,Casa Loma College-Los Angeles,casa-loma-college-los-angeles
439190,Cascadia College,cascadia-college
201645,Case Western Reserve University,case-western-reserve-university
439367,CBD College,cbd-college
211468,Cedar Crest College,cedar-crest-college
201654,Cedarville University,cedarville-university
183974,Centenary University,centenary-university
128771,Central Connecticut State University,central-connecticut-state-university
169248,Central Michigan University,central-michigan-university
201672,Central Ohio Technical College,central-ohio-technical-college
234827,Central Washington University,central-washington-university
240514,Central Wyoming College,central-wyoming-college
234845,Centralia College,centralia-college
180948,Chadron State College,chadron-state-college
141486,Chaminade University of Honolulu,chaminade-university-of-honolulu
230852,Champlain College,champlain-college
111948,Chapman University,chapman-university
217688,Charleston Southern University,charleston-southern-university
211556,Chatham University,chatham-university
211583,Chestnut Hill College,chestnut-hill-college
181145,CHI Health School of Radiologic Technology,chi-health-school-of-radiologic-technology
144005,Chicago State University,chicago-state-university
219833,Christian Brothers University,christian-brothers-university
231712,Christopher Newport University,christopher-newport-university
201928,Cincinnati State Technical and Community College,cincinnati-state-technical-and-community-college
217864,Citadel Military College of South Carolina,citadel-military-college-of-south-carolina
475477,City College-Hollywood,city-college-hollywood
234915,City University of Seattle,city-university-of-seattle
112251,Claremont Graduate University,claremont-graduate-university
138947,Clark Atlanta University,clark-atlanta-university
234933,Clark College,clark-college
201973,Clark State College,clark-state-college
165334,Clark University,clark-university
153126,Clarke University,clarke-university
190044,Clarkson University,clarkson-university
139311,Clayton  State University,clayton-state-university
217882,Clemson University,clemson-university
202134,Cleveland State University,cleveland-state-university
234951,Clover Park Technical College,clover-park-technical-college
218724,Coastal Carolina University,coastal-carolina-university
217907,Coker University,coker-university
217819,College of Charleston,college-of-charleston
167394,College of Our Lady of the Elms,college-of-our-lady-of-the-elms
181604,College of Saint Mary,college-of-saint-mary
142559,College of Southern Idaho,college-of-southern-idaho
182005,College of Southern Nevada,college-of-southern-nevada
190558,College of Staten Island CUNY,college-of-staten-island-cuny
226408,College of the Mainland,college-of-the-mainland
126669,Colorado Christian University,colorado-christian-university
127556,Colorado Mesa University,colorado-mesa-university
126775,Colorado School of Mines,colorado-school-of-mines
126818,Colorado State University-Fort Collins,colorado-state-university-fort-collins
476975,Colorado State University Global,colorado-state-university-global
128106,Colorado State University Pueblo,colorado-state-university-pueblo
126827,Colorado Technical University-Colorado Springs,colorado-technical-university-colorado-springs
177065,Columbia College,columbia-college
217934,Columbia College,columbia-college
144281,Columbia College Chicago,columbia-college-chicago
217925,Columbia International University,columbia-international-university
450933,Columbia Southern University,columbia-southern-university
190150,Columbia University in the City of New York,columbia-university-in-the-city-of-new-york
139366,Columbus State University,columbus-state-university
126942,Community College of Denver,community-college-of-denver
237330,Concord University,concord-university
126687,Concorde Career College-Aurora,concorde-career-college-aurora
144351,Concordia University-Chicago,concordia-university-chicago
112075,Concordia University-Irvine,concordia-university-irvine
180984,Concordia University-Nebraska,concordia-university-nebraska
173328,Concordia University-Saint Paul,concordia-university-saint-paul
224004,Concordia University Texas,concordia-university-texas
238616,Concordia University-Wisconsin,concordia-university-wisconsin
217961,Converse University,converse-university
162283,Coppin State University,coppin-state-university
190415,Cornell University,cornell-university
170037,Cornerstone University,cornerstone-university
181002,Creighton University,creighton-university
174862,Crown College,crown-college
219949,Cumberland University,cumberland-university
190512,CUNY Bernard M Baruch College,cuny-bernard-m-baruch-college
190549,CUNY Brooklyn College,cuny-brooklyn-college
190567,CUNY City College,cuny-city-college
190576,CUNY Graduate School and University Center,cuny-graduate-school-and-university-center
190594,CUNY Hunter College,cuny-hunter-college
190600,CUNY John Jay College of Criminal Justice,cuny-john-jay-college-of-criminal-justice
190637,CUNY Lehman College,cuny-lehman-college
190664,CUNY Queens College,cuny-queens-college
165529,Curry College,curry-college
113236,Cypress College,cypress-college
190725,Daemen University,daemen-university
219082,Dakota State University,dakota-state-university
224226,Dallas Baptist University,dallas-baptist-university
224615,Dallas College,dallas-college
182670,Dartmouth College,dartmouth-college
169479,Davenport University,davenport-university
202435,Davis College,davis-college
447014,Daytona College,daytona-college
224350,Del Mar College,del-mar-college
130934,Delaware State University,delaware-state-university
130907,Delaware Technical Community College-Terry,delaware-technical-community-college-terry
211981,Delaware Valley University,delaware-valley-university
175616,Delta State University,delta-state-university
144740,DePaul University,depaul-university
210739,DeSales University,desales-university
482422,DeVry University-Arizona,devry-university-arizona
482431,DeVry University-California,devry-university-california
482440,DeVry University-Colorado,devry-university-colorado
482459,DeVry University-Florida,devry-university-florida
482468,DeVry University-Georgia,devry-university-georgia
482477,DeVry University-Illinois,devry-university-illinois
482538,DeVry University-Missouri,devry-university-missouri
482556,DeVry University-New Jersey,devry-university-new-jersey
482574,DeVry University-Ohio,devry-university-ohio
148496,Dominican University,dominican-university
190761,Dominican University New York,dominican-university-new-york
113698,Dominican University of California,dominican-university-of-california
153269,Drake University,drake-university
212054,Drexel University,drexel-university
177214,Drury University,drury-university
198419,Duke University,duke-university
212106,Duquesne University,duquesne-university
190716,D'Youville  University,dyouville-university
198464,East Carolina University,east-carolina-university
207041,East Central University,east-central-university
139621,East Georgia State College,east-georgia-state-college
212115,East Stroudsburg University of Pennsylvania,east-stroudsburg-university-of-pennsylvania
220075,East Tennessee State University,east-tennessee-state-university
129215,Eastern Connecticut State University,eastern-connecticut-state-university
132693,Eastern Florida State College,eastern-florida-state-college
144892,Eastern Illinois University,eastern-illinois-university
156620,Eastern Kentucky University,eastern-kentucky-university
232043,Eastern Mennonite University,eastern-mennonite-university
169798,Eastern Michigan University,eastern-michigan-university
187648,Eastern New Mexico University-Main Campus,eastern-new-mexico-university-main-campus
208646,Eastern Oregon University,eastern-oregon-university
212133,Eastern University,eastern-university
235097,Eastern Washington University,eastern-washington-university
183488,Eastwick College-Hackensack,eastwick-college-hackensack
248934,ECPI University,ecpi-university
238661,Edgewood College,edgewood-college
235103,Edmonds College,edmonds-college
243832,EDP University of Puerto Rico Inc-San Juan,edp-university-of-puerto-rico-inc-san-juan
488305,Elim Bible Institute and College,elim-bible-institute-and-college
144962,Elmhurst University,elmhurst-university
198516,Elon University,elon-university
133553,Embry-Riddle Aeronautical University-Daytona Beach,embry-riddle-aeronautical-university-daytona-beach
165662,Emerson College,emerson-college
139658,Emory University,emory-university
196264,Empire State University,empire-state-university
155025,Emporia State University,emporia-state-university
165699,Endicott College,endicott-college
177339,Evangel University,evangel-university
385619,Everglades University,everglades-university
196680,Excelsior University,excelsior-university
129242,Fairfield University,fairfield-university
184694,Fairleigh Dickinson University-Florham Campus,fairleigh-dickinson-university-florham-campus
184603,Fairleigh Dickinson University-Metropolitan Campus,fairleigh-dickinson-university-metropolitan-campus
237367,Fairmont State University,fairmont-state-university
191126,Fashion Institute of Technology,fashion-institute-of-technology
101189,Faulkner University,faulkner-university
198543,Fayetteville State University,fayetteville-state-university
114433,Feather River Community College District,feather-river-community-college-district
184612,Felician University,felician-university
169910,Ferris State University,ferris-state-university
114549,Fielding Graduate University,fielding-graduate-university
165820,Fitchburg State University,fitchburg-state-university
133650,Florida Agricultural and Mechanical University,florida-agricultural-and-mechanical-university
133669,Florida Atlantic University,florida-atlantic-university
135160,Florida Gateway College,florida-gateway-college
433660,Florida Gulf Coast University,florida-gulf-coast-university
133881,Florida Institute of Technology,florida-institute-of-technology
480569,Florida Institute of Technology-Online,florida-institute-of-technology-online
133951,Florida International University,florida-international-university
134079,Florida Southern College,florida-southern-college
134097,Florida State University,florida-state-university
177418,Fontbonne University,fontbonne-university
114716,Foothill College,foothill-college
191241,Fordham University,fordham-university
155061,Fort Hays State University,fort-hays-state-university
139719,Fort Valley State University,fort-valley-state-university
165866,Framingham State University,framingham-state-university
218061,Francis Marion University,francis-marion-university
205957,Franciscan University of Steubenville,franciscan-university-of-steubenville
182795,Franklin Pierce University,franklin-pierce-university
220215,Freed-Hardeman University,freed-hardeman-university
114813,Fresno Pacific University,fresno-pacific-university
155089,Friends University,friends-university
162584,Frostburg State University,frostburg-state-university
134237,Full Sail University,full-sail-university
452948,Galen College of Nursing-Cincinnati,galen-college-of-nursing-cincinnati
406024,Galen College of Nursing-Tampa Bay,galen-college-of-nursing-tampa-bay
131450,Gallaudet University,gallaudet-university
224961,Galveston College,galveston-college
212601,Gannon University,gannon-university
198561,Gardner-Webb University,gardner-webb-university
105145,GateWay Community College,gateway-community-college
212656,Geneva College,geneva-college
208822,George Fox University,george-fox-university
232186,George Mason University,george-mason-university
131469,George Washington University,george-washington-university
131496,Georgetown University,georgetown-university
139861,Georgia College & State University,georgia-college-and-state-university
139700,Georgia Highlands College,georgia-highlands-college
139755,Georgia Institute of Technology-Main Campus,georgia-institute-of-technology-main-campus
485111,Georgia Military College,georgia-military-college
139931,Georgia Southern University,georgia-southern-university
139764,Georgia Southwestern State University,georgia-southwestern-state-university
139940,Georgia State University,georgia-state-university
184773,Georgian Court University,georgian-court-university
115010,Glendale Career College,glendale-career-college
230889,Goddard College,goddard-college
115083,Golden Gate University,golden-gate-university
235316,Gonzaga University,gonzaga-university
145336,Governors State University,governors-state-university
150677,Grace College and Theological Seminary,grace-college-and-theological-seminary
153366,Graceland University-Lamoni,graceland-university-lamoni
159009,Grambling State University,grambling-state-university
104717,Grand Canyon University,grand-canyon-university
170082,Grand Valley State University,grand-valley-state-university
235334,Grays Harbor College,grays-harbor-college
225070,Grayson College,grayson-college
235343,Green River College,green-river-college
145372,Greenville University,greenville-university
134343,Gulf Coast State College,gulf-coast-state-college
490559,Gwinnett Institute,gwinnett-institute
212832,Gwynedd Mercy University,gwynedd-mercy-university
173665,Hamline University,hamline-university
232265,Hampton University,hampton-university
225247,Hardin-Simmons University,hardin-simmons-university
107044,Harding University,harding-university
446640,Harrisburg University of Science and Technology,harrisburg-university-of-science-and-technology
166027,Harvard University,harvard-university
141644,Hawaii Pacific University,hawaii-pacific-university
490054,HCI College,hci-college
107071,Henderson State University,henderson-state-university
170240,Henry Ford College,henry-ford-college
235422,Heritage University,heritage-university
140340,Herzing University-Atlanta,herzing-university-atlanta
240392,Herzing University-Madison,herzing-university-madison
235431,Highline College,highline-college
367884,Hodges University,hodges-university
191649,Hofstra University,hofstra-university
212984,Holy Family University,holy-family-university
115728,Holy Names University,holy-names-university
162760,Hood College,hood-college
120537,Hope International University,hope-international-university
225399,Houston Christian University,houston-christian-university
131520,Howard University,howard-university
150941,Huntington University,huntington-university
444255,Hussian College-Daymar College Murfreesboro,hussian-college-daymar-college-murfreesboro
487524,Husson University,husson-university
142276,Idaho State University,idaho-state-university
145725,Illinois Institute of Technology,illinois-institute-of-technology
145813,Illinois State University,illinois-state-university
213011,Immaculata University,immaculata-university
151290,Indiana Institute of Technology,indiana-institute-of-technology
151324,Indiana State University,indiana-state-university
151351,Indiana University-Bloomington,indiana-university-bloomington
151388,Indiana University-East,indiana-university-east
151111,Indiana University-Indianapolis,indiana-university-indianapolis
151360,Indiana University-Northwest,indiana-university-northwest
213020,Indiana University of Pennsylvania-Main Campus,indiana-university-of-pennsylvania-main-campus
151342,Indiana University-South Bend,indiana-university-south-bend
151379,Indiana University-Southeast,indiana-university-southeast
151801,Indiana Wesleyan University-Marion,indiana-wesleyan-university-marion
488679,Indiana Wesleyan University-National & Global,indiana-wesleyan-university-national-and-global
242626,Inter American University of Puerto Rico-Aguadilla,inter-american-university-of-puerto-rico-aguadilla
242635,Inter American University of Puerto Rico-Arecibo,inter-american-university-of-puerto-rico-arecibo
242680,Inter American University of Puerto Rico-Fajardo,inter-american-university-of-puerto-rico-fajardo
242653,Inter American University of Puerto Rico-Metro,inter-american-university-of-puerto-rico-metro
242662,Inter American University of Puerto Rico-Ponce,inter-american-university-of-puerto-rico-ponce
242617,Inter American University of Puerto Rico-San German,inter-american-university-of-puerto-rico-san-german
191931,Iona University,iona-university
153603,Iowa State University,iowa-state-university
191968,Ithaca College,ithaca-college
170444,Jackson College,jackson-college
175856,Jackson State University,jackson-state-university
101480,Jacksonville State University,jacksonville-state-university
134945,Jacksonville University,jacksonville-university
203678,James A. Rhodes State College,james-a-rhodes-state-college
232423,James Madison University,james-madison-university
107141,John Brown University,john-brown-university
203368,John Carroll University,john-carroll-university
162928,Johns Hopkins University,johns-hopkins-university
217235,Johnson & Wales University-Providence,johnson-and-wales-university-providence
146339,Judson University,judson-university
155399,Kansas State University,kansas-state-university
185262,Kean University,kean-university
440031,Keck Graduate Institute,keck-graduate-institute
135081,Keiser University-Ft Lauderdale,keiser-university-ft-lauderdale
486840,Kennesaw State University,kennesaw-state-university
203447,Kent State University at Ashtabula,kent-state-university-at-ashtabula
203526,Kent State University at Geauga,kent-state-university-at-geauga
203517,Kent State University at Kent,kent-state-university-at-kent
203465,Kent State University at Stark,kent-state-university-at-stark
169983,Kettering University,kettering-university
192192,Keuka College,keuka-college
220516,King University,king-university
213321,King's College,kings-college
213349,Kutztown University of Pennsylvania,kutztown-university-of-pennsylvania
213358,La Roche University,la-roche-university
213367,La Salle University,la-salle-university
117627,La Sierra University,la-sierra-university
213376,Lackawanna College,lackawanna-college
203580,Lake Erie College,lake-erie-college
135188,Lake-Sumter State College,lake-sumter-state-college
235699,Lake Washington Institute of Technology,lake-washington-institute-of-technology
238980,Lakeland University,lakeland-university
226091,Lamar University,lamar-university
213400,Lancaster Bible College,lancaster-bible-college
207209,Langston University,langston-university
240620,Laramie County Community College,laramie-county-community-college
182148,Las Vegas College,las-vegas-college
166391,Lasell University,lasell-university
454786,Laurus College,laurus-college
170675,Lawrence Technological University,lawrence-technological-university
192323,Le Moyne College,le-moyne-college
483221,Learnet Academy Inc,learnet-academy-inc
213507,Lebanon Valley College,lebanon-valley-college
220613,Lee University,lee-university
213543,Lehigh University,lehigh-university
198835,Lenoir-Rhyne University,lenoir-rhyne-university
166452,Lesley University,lesley-university
226231,LeTourneau University,letourneau-university
146612,Lewis University,lewis-university
232557,Liberty University,liberty-university
220631,Lincoln Memorial University,lincoln-memorial-university
213598,Lincoln University,lincoln-university
177968,Lindenwood University,lindenwood-university
157216,Lindsey Wilson College,lindsey-wilson-college
485519,Lionel University,lionel-university
219976,Lipscomb University,lipscomb-university
192448,Long Island University,long-island-university
232566,Longwood University,longwood-university
474863,Los Angeles Pacific University,los-angeles-pacific-university
159568,Louisiana Christian University,louisiana-christian-university
159391,Louisiana State University and Agricultural & Mechanical College,louisiana-state-university-and-agricultural-and-mechanical-college
159416,Louisiana State University-Shreveport,louisiana-state-university-shreveport
159647,Louisiana Tech University,louisiana-tech-university
203757,Lourdes University,lourdes-university
235750,Lower Columbia College,lower-columbia-college
117946,Loyola Marymount University,loyola-marymount-university
146719,Loyola University Chicago,loyola-university-chicago
163046,Loyola University Maryland,loyola-university-maryland
159656,Loyola University New Orleans,loyola-university-new-orleans
226383,Lubbock Christian University,lubbock-christian-university
132657,Lynn University,lynn-university
238263,Madison Area Technical College,madison-area-technical-college
170806,Madonna University,madonna-university
153861,Maharishi International University,maharishi-international-university
161022,Maine College of Health Professions,maine-college-of-health-professions
203775,Malone University,malone-university
192703,Manhattan College,manhattan-college
192749,Manhattanville College,manhattanville-college
151786,Marian University,marian-university
239080,Marian University,marian-university
203881,Marion Technical College,marion-technical-college
192819,Marist College,marist-college
239105,Marquette University,marquette-university
237525,Marshall University,marshall-university
487977,Martinsburg College,martinsburg-college
232672,Mary Baldwin University,mary-baldwin-university
232706,Marymount University,marymount-university
178059,Maryville University of Saint Louis,maryville-university-of-saint-louis
213826,Marywood University,marywood-university
166683,Massachusetts Institute of Technology,massachusetts-institute-of-technology
164270,McDaniel College,mcdaniel-college
147013,McKendree University,mckendree-university
159717,McNeese State University,mcneese-state-university
192925,Medaille University,medaille-university
140447,Mercer University,mercer-university
193016,Mercy University,mercy-university
213987,Mercyhurst University,mercyhurst-university
166850,Merrimack College,merrimack-college
213996,Messiah University,messiah-university
198969,Methodist University,methodist-university
190114,Metropolitan College of New York,metropolitan-college-of-new-york
174020,Metropolitan State University,metropolitan-state-university
127565,Metropolitan State University of Denver,metropolitan-state-university-of-denver
204024,Miami University-Oxford,miami-university-oxford
171100,Michigan State University,michigan-state-university
171128,Michigan Technological University,michigan-technological-university
245953,Mid-America Christian University,mid-america-christian-university
155520,MidAmerica Nazarene University,midamerica-nazarene-university
220978,Middle Tennessee State University,middle-tennessee-state-university
119058,Middlebury Institute of International Studies at Monterey,middlebury-institute-of-international-studies-at-monterey
226806,Midland College,midland-college
181330,Midland University,midland-university
157377,Midway University,midway-university
226833,Midwestern State University,midwestern-state-university
443650,Miller-Motte College-Chattanooga,miller-motte-college-chattanooga
214041,Millersville University of Pennsylvania,millersville-university-of-pennsylvania
486901,Milligan University,milligan-university
239318,Milwaukee School of Engineering,milwaukee-school-of-engineering
173920,Minnesota State University-Mankato,minnesota-state-university-mankato
174358,Minnesota State University Moorhead,minnesota-state-university-moorhead
200253,Minot State University,minot-state-university
118912,MiraCosta College,miracosta-college
214069,Misericordia University,misericordia-university
176053,Mississippi College,mississippi-college
176080,Mississippi State University,mississippi-state-university
176035,Mississippi University for Women,mississippi-university-for-women
176044,Mississippi Valley State University,mississippi-valley-state-university
178244,Missouri Baptist University,missouri-baptist-university
179566,Missouri State University-Springfield,missouri-state-university-springfield
178411,Missouri University of Science and Technology,missouri-university-of-science-and-technology
178387,Missouri Western State University,missouri-western-state-university
118976,Modesto Junior College,modesto-junior-college
193292,Molloy College,molloy-college
185572,Monmouth University,monmouth-university
193308,Monroe College,monroe-college
180461,Montana State University,montana-state-university
180179,Montana State University Billings,montana-state-university-billings
180416,Montana Technological University,montana-technological-university
185590,Montclair State University,montclair-state-university
199032,Montreat College,montreat-college
157386,Morehead State University,morehead-state-university
127617,Morgan Community College,morgan-community-college
163453,Morgan State University,morgan-state-university
154004,Morningside University,morningside-university
219198,Mount Marty University,mount-marty-university
239390,Mount Mary University,mount-mary-university
154013,Mount Mercy University,mount-mercy-university
193353,Mount Saint Mary College,mount-saint-mary-college
119173,Mount Saint Mary's University,mount-saint-marys-university
204200,Mount St. Joseph University,mount-st-joseph-university
163462,Mount St. Mary's University,mount-st-marys-university
204194,Mount Vernon Nazarene University,mount-vernon-nazarene-university
157401,Murray State University,murray-state-university
204264,Muskingum University,muskingum-university
127653,Naropa University,naropa-university
147536,National Louis University,national-louis-university
119605,National University,national-university
119678,Naval Postgraduate School,naval-postgraduate-school
193584,Nazareth University,nazareth-university
181446,Nebraska Wesleyan University,nebraska-wesleyan-university
214272,Neumann University,neumann-university
182980,New England College,new-england-college
185129,New Jersey City University,new-jersey-city-university
185828,New Jersey Institute of Technology,new-jersey-institute-of-technology
187897,New Mexico Highlands University,new-mexico-highlands-university
187967,New Mexico Institute of Mining and Technology,new-mexico-institute-of-mining-and-technology
188030,New Mexico State University-Main Campus,new-mexico-state-university-main-campus
194091,New York Institute of Technology,new-york-institute-of-technology
193900,New York University,new-york-university
155335,Newman University,newman-university
193973,Niagara University,niagara-university
159966,Nicholls State University,nicholls-state-university
232937,Norfolk State University,norfolk-state-university
461795,North American University,north-american-university
199102,North Carolina A & T State University,north-carolina-a-and-t-state-university
199157,North Carolina Central University,north-carolina-central-university
199193,North Carolina State University at Raleigh,north-carolina-state-university-at-raleigh
147660,North Central College,north-central-college
204422,North Central State College,north-central-state-college
200332,North Dakota State University-Main Campus,north-dakota-state-university-main-campus
136145,North Florida College,north-florida-college
218441,North Greenville University,north-greenville-university
147679,North Park University,north-park-university
236072,North Seattle College,north-seattle-college
444130,Northcentral University,northcentral-university
147776,Northeastern Illinois University,northeastern-illinois-university
207263,Northeastern State University,northeastern-state-university
167358,Northeastern University,northeastern-university
118888,Northeastern University Oakland,northeastern-university-oakland
482705,Northeastern University Professional Programs,northeastern-university-professional-programs
105330,Northern Arizona University,northern-arizona-university
147703,Northern Illinois University,northern-illinois-university
157447,Northern Kentucky University,northern-kentucky-university
171456,Northern Michigan University,northern-michigan-university
219259,Northern State University,northern-state-university
230913,Northern Vermont University,northern-vermont-university
240657,Northwest College,northwest-college
178624,Northwest Missouri State University,northwest-missouri-state-university
142461,Northwest Nazarene University,northwest-nazarene-university
236133,Northwest University,northwest-university
260992,Northwestern College,northwestern-college
171483,Northwestern Michigan College,northwestern-michigan-college
207306,Northwestern Oklahoma State University,northwestern-oklahoma-state-university
160038,Northwestern State University of Louisiana,northwestern-state-university-of-louisiana
147767,Northwestern University,northwestern-university
230995,Norwich University,norwich-university
204468,Notre Dame College,notre-dame-college
120184,Notre Dame de Namur University,notre-dame-de-namur-university
163578,Notre Dame of Maryland University,notre-dame-of-maryland-university
136215,Nova Southeastern University,nova-southeastern-university
171571,Oakland University,oakland-university
227304,Odessa College,odessa-college
201964,Ohio Christian University,ohio-christian-university
204617,Ohio Dominican University,ohio-dominican-university
204796,Ohio State University-Main Campus,ohio-state-university-main-campus
204820,Ohio University-Chillicothe Campus,ohio-university-chillicothe-campus
204802,Ohio University-Eastern Campus,ohio-university-eastern-campus
204848,Ohio University-Lancaster Campus,ohio-university-lancaster-campus
204857,Ohio University-Main Campus,ohio-university-main-campus
204839,Ohio University-Southern Campus,ohio-university-southern-campus
207324,Oklahoma Christian University,oklahoma-christian-university
207458,Oklahoma City University,oklahoma-city-university
207388,Oklahoma State University-Main Campus,oklahoma-state-university-main-campus
207397,Oklahoma State University-Oklahoma City,oklahoma-state-university-oklahoma-city
206835,Oklahoma Wesleyan University,oklahoma-wesleyan-university
232982,Old Dominion University,old-dominion-university
147828,Olivet Nazarene University,olivet-nazarene-university
236188,Olympic College,olympic-college
209542,Oregon State University,oregon-state-university
204936,Otterbein University,otterbein-university
227331,Our Lady of the Lake University,our-lady-of-the-lake-university
194310,Pace University,pace-university
407610,Pacific Bible College,pacific-bible-college
236230,Pacific Lutheran University,pacific-lutheran-university
209612,Pacific University,pacific-university
136330,Palm Beach Atlantic University,palm-beach-atlantic-university
136358,Palm Beach State College,palm-beach-state-college
178721,Park University,park-university
136400,Pasco-Hernando State College,pasco-hernando-state-college
439871,PCI College,pci-college
236258,Peninsula College,peninsula-college
214582,Pennsylvania Institute of Technology,pennsylvania-institute-of-technology
214777,Pennsylvania State University-Main Campus,pennsylvania-state-university-main-campus
214591,Pennsylvania State University-Penn State Erie-Behrend College,pennsylvania-state-university-penn-state-erie-behrend-college
214607,Pennsylvania State University-Penn State Great Valley,pennsylvania-state-university-penn-state-great-valley
214713,Pennsylvania State University-Penn State Harrisburg,pennsylvania-state-university-penn-state-harrisburg
479956,Pennsylvania State University-World Campus,pennsylvania-state-university-world-campus
498571,Pennsylvania Western University,pennsylvania-western-university
136473,Pensacola State College,pensacola-state-college
121150,Pepperdine University,pepperdine-university
181534,Peru State College,peru-state-college
199306,Pfeiffer University,pfeiffer-university
140818,Piedmont University,piedmont-university
235237,Pierce College District,pierce-college-district
155681,Pittsburg State University,pittsburg-state-university
215415,Pittsburgh Technical College,pittsburgh-technical-college
183080,Plymouth State University,plymouth-state-university
121309,Point Loma Nazarene University,point-loma-nazarene-university
215442,Point Park University,point-park-university
243081,Ponce Health Sciences University,ponce-health-sciences-university
241395,Pontifical Catholic University of Puerto Rico-Arecibo,pontifical-catholic-university-of-puerto-rico-arecibo
241410,Pontifical Catholic University of Puerto Rico-Ponce,pontifical-catholic-university-of-puerto-rico-ponce
209807,Portland State University,portland-state-university
130183,Post University,post-university
237701,Potomac State College of West Virginia University,potomac-state-college-of-west-virginia-university
227526,Prairie View A & M University,prairie-view-a-and-m-university
105589,Prescott College,prescott-college
486433,Presidio Graduate School,presidio-graduate-school
186131,Princeton University,princeton-university
205054,Professional Skills Institute,professional-skills-institute
217402,Providence College,providence-college
127884,Pueblo Community College,pueblo-community-college
151102,Purdue University Fort Wayne,purdue-university-fort-wayne
243780,Purdue University-Main Campus,purdue-university-main-campus
490805,Purdue University Northwest,purdue-university-northwest
199412,Queens University of Charlotte,queens-university-of-charlotte
167525,Quincy College,quincy-college
130226,Quinnipiac University,quinnipiac-university
233277,Radford University,radford-university
186201,Ramapo College of New Jersey,ramapo-college-of-new-jersey
178891,Ranken Technical College,ranken-technical-college
480657,Rasmussen University-Kansas,rasmussen-university-kansas
127909,Red Rocks Community College,red-rocks-community-college
231651,Regent University,regent-university
127918,Regis University,regis-university
140872,Reinhardt University,reinhardt-university
194824,Rensselaer Polytechnic Institute,rensselaer-polytechnic-institute
236382,Renton Technical College,renton-technical-college
217420,Rhode Island College,rhode-island-college
227757,Rice University,rice-university
186283,Rider University,rider-university
121886,Rio Hondo College,rio-hondo-college
105668,Rio Salado College,rio-salado-college
233408,Riverside College of Health Careers,riverside-college-of-health-careers
183211,Rivier University,rivier-university
215655,Robert Morris University,robert-morris-university
194958,Roberts Wesleyan University,roberts-wesleyan-university
195003,Rochester Institute of Technology,rochester-institute-of-technology
148405,Rockford University,rockford-university
179043,Rockhurst University,rockhurst-university
180595,Rocky Mountain College,rocky-mountain-college
217518,Roger Williams University,roger-williams-university
136950,Rollins College,rollins-college
148487,Roosevelt University,roosevelt-university
215691,Rosemont College,rosemont-college
184782,Rowan University,rowan-university
195128,Russell Sage College,russell-sage-college
186371,Rutgers University-Camden,rutgers-university-camden
186380,Rutgers University-New Brunswick,rutgers-university-new-brunswick
186399,Rutgers University-Newark,rutgers-university-newark
130253,Sacred Heart University,sacred-heart-university
446525,SAE Institute of Technology-Nashville,sae-institute-of-technology-nashville
172051,Saginaw Valley State University,saginaw-valley-state-university
154235,Saint Ambrose University,saint-ambrose-university
174783,Saint Cloud State University,saint-cloud-state-university
227845,Saint Edward's University,saint-edwards-university
186618,Saint Elizabeth University,saint-elizabeth-university
215743,Saint Francis University,saint-francis-university
137281,Saint Johns River State College,saint-johns-river-state-college
161518,Saint Joseph's College of Maine,saint-josephs-college-of-maine
215770,Saint Joseph's University,saint-josephs-university
137032,Saint Leo University,saint-leo-university
179159,Saint Louis University,saint-louis-university
236452,Saint Martin's University,saint-martins-university
152381,Saint Mary-of-the-Woods College,saint-mary-of-the-woods-college
123554,Saint Mary's College of California,saint-marys-college-of-california
174817,Saint Mary's University of Minnesota,saint-marys-university-of-minnesota
186432,Saint Peter's University,saint-peters-university
148627,Saint Xavier University,saint-xavier-university
167729,Salem State University,salem-state-university
237783,Salem University,salem-university
163851,Salisbury University,salisbury-university
217536,Salve Regina University,salve-regina-university
227881,Sam Houston State University,sam-houston-state-university
102049,Samford University,samford-university
122375,San Diego Mesa College,san-diego-mesa-college
122409,San Diego State University,san-diego-state-university
122597,San Francisco State University,san-francisco-state-university
227979,San Jacinto Community College,san-jacinto-community-college
122685,San Joaquin Valley College-Visalia,san-joaquin-valley-college-visalia
122755,San Jose State University,san-jose-state-university
121619,Santa Ana College,santa-ana-college
122931,Santa Clara University,santa-clara-university
137096,Santa Fe College,santa-fe-college
122977,Santa Monica College,santa-monica-college
140960,Savannah State University,savannah-state-university
172200,Schoolcraft Community College District,schoolcraft-community-college-district
236513,Seattle Central College,seattle-central-college
236577,Seattle Pacific University,seattle-pacific-university
236595,Seattle University,seattle-university
137209,Seminole State College of Florida,seminole-state-college-of-florida
475839,Sessions College for Professional Design,sessions-college-for-professional-design
186584,Seton Hall University,seton-hall-university
215947,Seton Hill University,seton-hill-university
123299,Shasta College,shasta-college
205443,Shawnee State University,shawnee-state-university
233541,Shenandoah University,shenandoah-university
216010,Shippensburg University of Pennsylvania,shippensburg-university-of-pennsylvania
140988,Shorter University,shorter-university
195474,Siena College,siena-college
172264,Siena Heights University,siena-heights-university
167783,Simmons University,simmons-university
123457,Simpson University,simpson-university
205470,Sinclair Community College,sinclair-community-college
231068,SIT Graduate Institute,sit-graduate-institute
236638,Skagit Valley College,skagit-valley-college
123509,Skyline College,skyline-college
216038,Slippery Rock University of Pennsylvania,slippery-rock-university-of-pennsylvania
441229,Smith Chason College,smith-chason-college
230597,Snow College,snow-college
123563,Solano Community College,solano-community-college
123572,Sonoma State University,sonoma-state-university
218733,South Carolina State University,south-carolina-state-university
219356,South Dakota State University,south-dakota-state-university
137315,South Florida State College,south-florida-state-college
236504,South Seattle College,south-seattle-college
409315,South Texas College,south-texas-college
251312,South University-Columbia,south-university-columbia
101116,South University-Montgomery,south-university-montgomery
179557,Southeast Missouri State University,southeast-missouri-state-university
199759,Southeastern Baptist Theological Seminary,southeastern-baptist-theological-seminary
428170,Southeastern College-West Palm Beach,southeastern-college-west-palm-beach
160612,Southeastern Louisiana University,southeastern-louisiana-university
207847,Southeastern Oklahoma State University,southeastern-oklahoma-state-university
137564,Southeastern University,southeastern-university
221661,Southern Adventist University,southern-adventist-university
107983,Southern Arkansas University Main Campus,southern-arkansas-university-main-campus
130493,Southern Connecticut State University,southern-connecticut-state-university
149222,Southern Illinois University-Carbondale,southern-illinois-university-carbondale
149231,Southern Illinois University-Edwardsville,southern-illinois-university-edwardsville
228246,Southern Methodist University,southern-methodist-university
206862,Southern Nazarene University,southern-nazarene-university
183026,Southern New Hampshire University,southern-new-hampshire-university
210146,Southern Oregon University,southern-oregon-university
160621,Southern University and A & M College,southern-university-and-a-and-m-college
160630,Southern University at New Orleans,southern-university-at-new-orleans
230603,Southern Utah University,southern-utah-university
217776,Southern Wesleyan University,southern-wesleyan-university
179326,Southwest Baptist University,southwest-baptist-university
175078,Southwest Minnesota State University,southwest-minnesota-state-university
228325,Southwestern Assemblies of God University,southwestern-assemblies-of-god-university
155900,Southwestern College,southwestern-college
207865,Southwestern Oklahoma State University,southwestern-oklahoma-state-university
157757,Spalding University,spalding-university
236692,Spokane Community College,spokane-community-college
236708,Spokane Falls Community College,spokane-falls-community-college
172334,Spring Arbor University,spring-arbor-university
167899,Springfield College,springfield-college
195164,St Bonaventure University,st-bonaventure-university
175005,St Catherine University,st-catherine-university
195720,St. John Fisher University,st-john-fisher-university
195809,St. John's University-New York,st-johns-university-new-york
195544,St. Joseph's University-New York,st-josephs-university-new-york
228149,St. Mary's University,st-marys-university
195243,St. Thomas Aquinas College,st-thomas-aquinas-college
137476,St. Thomas University,st-thomas-university
243744,Stanford University,stanford-university
196149,State University of New York at Cortland,state-university-of-new-york-at-cortland
196176,State University of New York at New Paltz,state-university-of-new-york-at-new-paltz
196194,State University of New York at Oswego,state-university-of-new-york-at-oswego
228431,Stephen F Austin State University,stephen-f-austin-state-university
179548,Stephens College,stephens-college
137546,Stetson University,stetson-university
186867,Stevens Institute of Technology,stevens-institute-of-technology
164173,Stevenson University,stevenson-university
186876,Stockton University,stockton-university
196097,Stony Brook University,stony-brook-university
449038,Strayer University-Florida,strayer-university-florida
443784,Strayer University-Pennsylvania,strayer-university-pennsylvania
233684,Strayer University-Virginia,strayer-university-virginia
168005,Suffolk University,suffolk-university
228501,Sul Ross State University,sul-ross-state-university
157793,Sullivan University,sullivan-university
208512,Sumner College,sumner-college
196158,SUNY at Fredonia,suny-at-fredonia
196121,SUNY Brockport,suny-brockport
196130,SUNY Buffalo State University,suny-buffalo-state-university
196167,SUNY College at Geneseo,suny-college-at-geneseo
196246,SUNY College at Plattsburgh,suny-college-at-plattsburgh
196200,SUNY College at Potsdam,suny-college-at-potsdam
196103,SUNY College of Environmental Science and Forestry,suny-college-of-environmental-science-and-forestry
196291,SUNY Maritime College,suny-maritime-college
196237,SUNY Old Westbury,suny-old-westbury
196185,SUNY Oneonta,suny-oneonta
196112,SUNY Polytechnic Institute,suny-polytechnic-institute
196413,Syracuse University,syracuse-university
236753,Tacoma Community College,tacoma-community-college
137759,Tallahassee Community College,tallahassee-community-college
228529,Tarleton State University,tarleton-state-university
196468,Teachers College at Columbia University,teachers-college-at-columbia-university
216339,Temple University,temple-university
221838,Tennessee State University,tennessee-state-university
221847,Tennessee Technological University,tennessee-technological-university
226152,Texas A & M International University,texas-a-and-m-international-university
483036,Texas A&M University-Central Texas,texas-a-and-m-university-central-texas
228723,Texas A & M University-College Station,texas-a-and-m-university-college-station
224554,Texas A & M University-Commerce,texas-a-and-m-university-commerce
224147,Texas A & M University-Corpus Christi,texas-a-and-m-university-corpus-christi
228705,Texas A & M University-Kingsville,texas-a-and-m-university-kingsville
459949,Texas A&M University-San Antonio,texas-a-and-m-university-san-antonio
224545,Texas A&M University-Texarkana,texas-a-and-m-university-texarkana
228875,Texas Christian University,texas-christian-university
229063,Texas Southern University,texas-southern-university
228459,Texas State University,texas-state-university
229115,Texas Tech University,texas-tech-university
229160,Texas Wesleyan University,texas-wesleyan-university
229179,Texas Woman's University,texas-womans-university
131283,The Catholic University of America,the-catholic-university-of-america
187134,The College of New Jersey,the-college-of-new-jersey
195234,The College of Saint Rose,the-college-of-saint-rose
174899,The College of Saint Scholastica,the-college-of-saint-scholastica
133960,The College of the Florida Keys,the-college-of-the-florida-keys
235167,The Evergreen State College,the-evergreen-state-college
117751,The Master's University and Seminary,the-masters-university-and-seminary
205391,The Modern College of Design,the-modern-college-of-design
193654,The New School,the-new-school
206394,The North Coast College,the-north-coast-college
195049,The Rockefeller University,the-rockefeller-university
100751,The University of Alabama,the-university-of-alabama
202763,The University of Findlay,the-university-of-findlay
180489,The University of Montana,the-university-of-montana
137847,The University of Tampa,the-university-of-tampa
221740,The University of Tennessee-Chattanooga,the-university-of-tennessee-chattanooga
221759,The University of Tennessee-Knoxville,the-university-of-tennessee-knoxville
221768,The University of Tennessee-Martin,the-university-of-tennessee-martin
228769,The University of Texas at Arlington,the-university-of-texas-at-arlington
228778,The University of Texas at Austin,the-university-of-texas-at-austin
228787,The University of Texas at Dallas,the-university-of-texas-at-dallas
228796,The University of Texas at El Paso,the-university-of-texas-at-el-paso
229027,The University of Texas at San Antonio,the-university-of-texas-at-san-antonio
228802,The University of Texas at Tyler,the-university-of-texas-at-tyler
229018,The University of Texas Permian Basin,the-university-of-texas-permian-basin
227368,The University of Texas Rio Grande Valley,the-university-of-texas-rio-grande-valley
161563,Thomas College,thomas-college
187046,Thomas Edison State University,thomas-edison-state-university
216366,Thomas Jefferson University,thomas-jefferson-university
157809,Thomas More University,thomas-more-university
141167,Thomas University,thomas-university
206048,Tiffin University,tiffin-university
196592,Touro University,touro-university
459727,Touro University Worldwide,touro-university-worldwide
164076,Towson University,towson-university
221892,Trevecca Nazarene University,trevecca-nazarene-university
152567,Trine University,trine-university
128258,Trinidad State College,trinidad-state-college
149514,Trinity International University-Illinois,trinity-international-university-illinois
229267,Trinity University,trinity-university
225308,Trinity Valley Community College,trinity-valley-community-college
131876,Trinity Washington University,trinity-washington-university
102368,Troy University,troy-university
182500,Truckee Meadows Community College,truckee-meadows-community-college
178615,Truman State University,truman-state-university
168148,Tufts University,tufts-university
160755,Tulane University of Louisiana,tulane-university-of-louisiana
221953,Tusculum University,tusculum-university
102377,Tuskegee University,tuskegee-university
229355,Tyler Junior College,tyler-junior-college
157863,Union College,union-college
206279,Union Institute & University,union-institute-and-university
221971,Union University,union-university
243346,Universidad Ana G. Mendez-Carolina Campus,universidad-ana-g-mendez-carolina-campus
241739,Universidad Ana G. Mendez-Cupey Campus,universidad-ana-g-mendez-cupey-campus
243601,Universidad Ana G. Mendez-Gurabo Campus,universidad-ana-g-mendez-gurabo-campus
241225,Universidad Central de Bayamon,universidad-central-de-bayamon
243443,Universidad del Sagrado Corazon,universidad-del-sagrado-corazon
196060,University at Albany,university-at-albany
196088,University at Buffalo,university-at-buffalo
200800,University of Akron Main Campus,university-of-akron-main-campus
100663,University of Alabama at Birmingham,university-of-alabama-at-birmingham
100706,University of Alabama in Huntsville,university-of-alabama-in-huntsville
102553,University of Alaska Anchorage,university-of-alaska-anchorage
102614,University of Alaska Fairbanks,university-of-alaska-fairbanks
102632,University of Alaska Southeast,university-of-alaska-southeast
104179,University of Arizona,university-of-arizona
106397,University of Arkansas,university-of-arkansas
106245,University of Arkansas at Little Rock,university-of-arkansas-at-little-rock
106485,University of Arkansas at Monticello,university-of-arkansas-at-monticello
442569,University of Arkansas Grantham,university-of-arkansas-grantham
161873,University of Baltimore,university-of-baltimore
128744,University of Bridgeport,university-of-bridgeport
110635,University of California-Berkeley,university-of-california-berkeley
110644,University of California-Davis,university-of-california-davis
110653,University of California-Irvine,university-of-california-irvine
110662,University of California-Los Angeles,university-of-california-los-angeles
445188,University of California-Merced,university-of-california-merced
110671,University of California-Riverside,university-of-california-riverside
110680,University of California-San Diego,university-of-california-san-diego
110705,University of California-Santa Barbara,university-of-california-santa-barbara
110714,University of California-Santa Cruz,university-of-california-santa-cruz
106704,University of Central Arkansas,university-of-central-arkansas
132903,University of Central Florida,university-of-central-florida
176965,University of Central Missouri,university-of-central-missouri
206941,University of Central Oklahoma,university-of-central-oklahoma
237312,University of Charleston,university-of-charleston
144050,University of Chicago,university-of-chicago
201955,University of Cincinnati-Blue Ash College,university-of-cincinnati-blue-ash-college
201885,University of Cincinnati-Main Campus,university-of-cincinnati-main-campus
126614,University of Colorado Boulder,university-of-colorado-boulder
126580,University of Colorado Colorado Springs,university-of-colorado-colorado-springs
126562,University of Colorado Denver/Anschutz Medical Campus,university-of-colorado-denver-anschutz-medical-campus
129020,University of Connecticut,university-of-connecticut
224323,University of Dallas,university-of-dallas
202480,University of Dayton,university-of-dayton
130943,University of Delaware,university-of-delaware
127060,University of Denver,university-of-denver
169716,University of Detroit Mercy,university-of-detroit-mercy
153278,University of Dubuque,university-of-dubuque
150534,University of Evansville,university-of-evansville
134130,University of Florida,university-of-florida
139959,University of Georgia,university-of-georgia
240754,University of Guam,university-of-guam
129525,University of Hartford,university-of-hartford
141565,University of Hawaii at Hilo,university-of-hawaii-at-hilo
141574,University of Hawaii at Manoa,university-of-hawaii-at-manoa
141839,University of Hawaii Maui College,university-of-hawaii-maui-college
160065,University of Holy Cross,university-of-holy-cross
225511,University of Houston,university-of-houston
225414,University of Houston-Clear Lake,university-of-houston-clear-lake
225432,University of Houston-Downtown,university-of-houston-downtown
225502,University of Houston-Victoria,university-of-houston-victoria
142285,University of Idaho,university-of-idaho
145600,University of Illinois Chicago,university-of-illinois-chicago
148654,University of Illinois Springfield,university-of-illinois-springfield
145637,University of Illinois Urbana-Champaign,university-of-illinois-urbana-champaign
151263,University of Indianapolis,university-of-indianapolis
153658,University of Iowa,university-of-iowa
155317,University of Kansas,university-of-kansas
157085,University of Kentucky,university-of-kentucky
117140,University of La Verne,university-of-la-verne
160658,University of Louisiana at Lafayette,university-of-louisiana-at-lafayette
159993,University of Louisiana at Monroe,university-of-louisiana-at-monroe
157289,University of Louisville,university-of-louisville
232609,University of Lynchburg,university-of-lynchburg
161253,University of Maine,university-of-maine
200217,University of Mary,university-of-mary
226471,University of Mary Hardin-Baylor,university-of-mary-hardin-baylor
232681,University of Mary Washington,university-of-mary-washington
163268,University of Maryland-Baltimore County,university-of-maryland-baltimore-county
163286,University of Maryland-College Park,university-of-maryland-college-park
163338,University of Maryland Eastern Shore,university-of-maryland-eastern-shore
163204,University of Maryland Global Campus,university-of-maryland-global-campus
166629,University of Massachusetts-Amherst,university-of-massachusetts-amherst
166638,University of Massachusetts-Boston,university-of-massachusetts-boston
167987,University of Massachusetts-Dartmouth,university-of-massachusetts-dartmouth
166513,University of Massachusetts-Lowell,university-of-massachusetts-lowell
220862,University of Memphis,university-of-memphis
135726,University of Miami,university-of-miami
170976,University of Michigan-Ann Arbor,university-of-michigan-ann-arbor
171137,University of Michigan-Dearborn,university-of-michigan-dearborn
171146,University of Michigan-Flint,university-of-michigan-flint
174233,University of Minnesota-Duluth,university-of-minnesota-duluth
174066,University of Minnesota-Twin Cities,university-of-minnesota-twin-cities
176017,University of Mississippi,university-of-mississippi
178396,University of Missouri-Columbia,university-of-missouri-columbia
178402,University of Missouri-Kansas City,university-of-missouri-kansas-city
178420,University of Missouri-St Louis,university-of-missouri-st-louis
101709,University of Montevallo,university-of-montevallo
199069,University of Mount Olive,university-of-mount-olive
193399,University of Mount Saint Vincent,university-of-mount-saint-vincent
181215,University of Nebraska at Kearney,university-of-nebraska-at-kearney
181394,University of Nebraska at Omaha,university-of-nebraska-at-omaha
181464,University of Nebraska-Lincoln,university-of-nebraska-lincoln
182281,University of Nevada-Las Vegas,university-of-nevada-las-vegas
182290,University of Nevada-Reno,university-of-nevada-reno
161457,University of New England,university-of-new-england
183257,University of New Hampshire College of Professional Studies Online,university-of-new-hampshire-college-of-professional-studies-online
183044,University of New Hampshire-Main Campus,university-of-new-hampshire-main-campus
129941,University of New Haven,university-of-new-haven
187985,University of New Mexico-Main Campus,university-of-new-mexico-main-campus
159939,University of New Orleans,university-of-new-orleans
101879,University of North Alabama,university-of-north-alabama
199120,University of North Carolina at Chapel Hill,university-of-north-carolina-at-chapel-hill
199139,University of North Carolina at Charlotte,university-of-north-carolina-at-charlotte
199148,University of North Carolina at Greensboro,university-of-north-carolina-at-greensboro
199281,University of North Carolina at Pembroke,university-of-north-carolina-at-pembroke
199218,University of North Carolina Wilmington,university-of-north-carolina-wilmington
200280,University of North Dakota,university-of-north-dakota
136172,University of North Florida,university-of-north-florida
482680,University of North Georgia,university-of-north-georgia
227216,University of North Texas,university-of-north-texas
484905,University of North Texas at Dallas,university-of-north-texas-at-dallas
127741,University of Northern Colorado,university-of-northern-colorado
154095,University of Northern Iowa,university-of-northern-iowa
174491,University of Northwestern-St Paul,university-of-northwestern-st-paul
152080,University of Notre Dame,university-of-notre-dame
207500,University of Oklahoma-Norman Campus,university-of-oklahoma-norman-campus
209551,University of Oregon,university-of-oregon
215062,University of Pennsylvania,university-of-pennsylvania
484613,University of Phoenix-Arizona,university-of-phoenix-arizona
484631,University of Phoenix-California,university-of-phoenix-california
420042,University of Phoenix-Hawaii,university-of-phoenix-hawaii
484710,University of Phoenix-Nevada,university-of-phoenix-nevada
215293,University of Pittsburgh-Pittsburgh Campus,university-of-pittsburgh-pittsburgh-campus
209825,University of Portland,university-of-portland
243197,University of Puerto Rico-Mayaguez,university-of-puerto-rico-mayaguez
243221,University of Puerto Rico-Rio Piedras,university-of-puerto-rico-rio-piedras
121691,University of Redlands,university-of-redlands
217484,University of Rhode Island,university-of-rhode-island
195030,University of Rochester,university-of-rochester
152336,University of Saint Francis-Fort Wayne,university-of-saint-francis-fort-wayne
130314,University of Saint Joseph,university-of-saint-joseph
155812,University of Saint Mary,university-of-saint-mary
122436,University of San Diego,university-of-san-diego
122612,University of San Francisco,university-of-san-francisco
215929,University of Scranton,university-of-scranton
219383,University of Sioux Falls,university-of-sioux-falls
102094,University of South Alabama,university-of-south-alabama
218663,University of South Carolina-Columbia,university-of-south-carolina-columbia
219471,University of South Dakota,university-of-south-dakota
137351,University of South Florida,university-of-south-florida
123961,University of Southern California,university-of-southern-california
151306,University of Southern Indiana,university-of-southern-indiana
161554,University of Southern Maine,university-of-southern-maine
176372,University of Southern Mississippi,university-of-southern-mississippi
148584,University of St Francis,university-of-st-francis
174914,University of St Thomas,university-of-st-thomas
227863,University of St Thomas,university-of-st-thomas
156541,University of the Cumberlands,university-of-the-cumberlands
131399,University of the District of Columbia,university-of-the-district-of-columbia
225627,University of the Incarnate Word,university-of-the-incarnate-word
120883,University of the Pacific,university-of-the-pacific
188182,University of the Southwest,university-of-the-southwest
206084,University of Toledo,university-of-toledo
207971,University of Tulsa,university-of-tulsa
230764,University of Utah,university-of-utah
231174,University of Vermont,university-of-vermont
234076,University of Virginia-Main Campus,university-of-virginia-main-campus
377555,University of Washington-Bothell Campus,university-of-washington-bothell-campus
236948,University of Washington-Seattle Campus,university-of-washington-seattle-campus
377564,University of Washington-Tacoma Campus,university-of-washington-tacoma-campus
101587,University of West Alabama,university-of-west-alabama
138354,University of West Florida,university-of-west-florida
141334,University of West Georgia,university-of-west-georgia
240268,University of Wisconsin-Eau Claire,university-of-wisconsin-eau-claire
240277,University of Wisconsin-Green Bay,university-of-wisconsin-green-bay
240329,University of Wisconsin-La Crosse,university-of-wisconsin-la-crosse
240444,University of Wisconsin-Madison,university-of-wisconsin-madison
240453,University of Wisconsin-Milwaukee,university-of-wisconsin-milwaukee
240365,University of Wisconsin-Oshkosh,university-of-wisconsin-oshkosh
240462,University of Wisconsin-Platteville,university-of-wisconsin-platteville
240471,University of Wisconsin-River Falls,university-of-wisconsin-river-falls
240480,University of Wisconsin-Stevens Point,university-of-wisconsin-stevens-point
240417,University of Wisconsin-Stout,university-of-wisconsin-stout
240189,University of Wisconsin-Whitewater,university-of-wisconsin-whitewater
240727,University of Wyoming,university-of-wyoming
154493,Upper Iowa University,upper-iowa-university
206349,Ursuline College,ursuline-college
230728,Utah State University,utah-state-university
230737,Utah Valley University,utah-valley-university
197045,Utica University,utica-university
141264,Valdosta State University,valdosta-state-university
138187,Valencia College,valencia-college
377661,Valley College-Martinsburg,valley-college-martinsburg
486257,Valor Christian College,valor-christian-college
152600,Valparaiso University,valparaiso-university
221999,Vanderbilt University,vanderbilt-university
123651,Vanguard University of Southern California,vanguard-university-of-southern-california
216597,Villanova University,villanova-university
152637,Vincennes University,vincennes-university
234030,Virginia Commonwealth University,virginia-commonwealth-university
233921,Virginia Polytechnic Institute and State University,virginia-polytechnic-institute-and-state-university
234155,Virginia State University,virginia-state-university
240107,Viterbo University,viterbo-university
197197,Wagner College,wagner-college
199847,Wake Forest University,wake-forest-university
125231,Walden University,walden-university
154518,Waldorf University,waldorf-university
236887,Walla Walla Community College,walla-walla-community-college
236896,Walla Walla University,walla-walla-university
206437,Walsh University,walsh-university
156082,Washburn University,washburn-university
162210,Washington Adventist University,washington-adventist-university
206446,Washington State Community College,washington-state-community-college
236939,Washington State University,washington-state-university
179867,Washington University in St Louis,washington-university-in-st-louis
229780,Wayland Baptist University,wayland-baptist-university
181783,Wayne State College,wayne-state-college
172644,Wayne State University,wayne-state-university
216694,Waynesburg University,waynesburg-university
230782,Weber State University,weber-state-university
179894,Webster University,webster-university
236975,Wenatchee Valley College,wenatchee-valley-college
168227,Wentworth Institute of Technology,wentworth-institute-of-technology
216764,West Chester University of Pennsylvania,west-chester-university-of-pennsylvania
237932,West Liberty University,west-liberty-university
125471,West Los Angeles College,west-los-angeles-college
229814,West Texas A & M University,west-texas-a-and-m-university
237996,West Virginia Junior College-Morgantown,west-virginia-junior-college-morgantown
238032,West Virginia University,west-virginia-university
237969,West Virginia Wesleyan College,west-virginia-wesleyan-college
200004,Western Carolina University,western-carolina-university
128391,Western Colorado University,western-colorado-university
130776,Western Connecticut State University,western-connecticut-state-university
433387,Western Governors University,western-governors-university
149772,Western Illinois University,western-illinois-university
157951,Western Kentucky University,western-kentucky-university
172699,Western Michigan University,western-michigan-university
182564,Western Nevada College,western-nevada-college
168254,Western New England University,western-new-england-university
188304,Western New Mexico University,western-new-mexico-university
210429,Western Oregon University,western-oregon-university
224660,Western Technical College,western-technical-college
224679,Western Technical College,western-technical-college
237011,Western Washington University,western-washington-university
168263,Westfield State University,westfield-state-university
230807,Westminster University,westminster-university
237039,Whatcom Community College,whatcom-community-college
238078,Wheeling University,wheeling-university
237066,Whitworth University,whitworth-university
156125,Wichita State University,wichita-state-university
216852,Widener University,widener-university
216931,Wilkes University,wilkes-university
231624,William & Mary,william-and-mary
176479,William Carey University,william-carey-university
187444,William Paterson University of New Jersey,william-paterson-university-of-new-jersey
179964,William Woods University,william-woods-university
131113,Wilmington University,wilmington-university
217013,Wilson College,wilson-college
199962,Wingate University,wingate-university
175272,Winona State University,winona-state-university
199999,Winston-Salem State University,winston-salem-state-university
218964,Winthrop University,winthrop-university
125897,Woodbury University,woodbury-university
168421,Worcester Polytechnic Institute,worcester-polytechnic-institute
168430,Worcester State University,worcester-state-university
206604,Wright State University-Main Campus,wright-state-university-main-campus
206622,Xavier University,xavier-university
160904,Xavier University of Louisiana,xavier-university-of-louisiana
237109,Yakima Valley College,yakima-valley-college
130794,Yale University,yale-university
106148,Yavapai College,yavapai-college
197708,Yeshiva University,yeshiva-university
217059,York College of Pennsylvania,york-college-of-pennsylvania
206695,Youngstown State University,youngstown-state-university
204255,Zane State College,zane-state-college